Time,Open,High,Low,Close,Volume
2020-10-22 19:20:00,2.851,2.859,2.821,2.821,597.604
2020-10-22 19:21:00,2.821,2.821,2.821,2.821,5.362
2020-10-22 19:22:00,2.821,2.821,2.821,2.821,0.0
2020-10-22 19:23:00,2.821,2.821,2.821,2.821,0.0
2020-10-22 19:24:00,2.826,2.826,2.825,2.825,39.739
2020-10-22 19:25:00,2.825,2.825,2.821,2.821,129.004
2020-10-22 19:26:00,2.821,2.821,2.821,2.821,357.33
2020-10-22 19:27:00,2.823,2.823,2.821,2.821,522.361
2020-10-22 19:28:00,2.821,2.821,2.821,2.821,19.296
2020-10-22 19:29:00,2.821,2.837,2.821,2.837,244.574
2020-10-22 19:30:00,2.821,2.821,2.821,2.821,35.206
2020-10-22 19:31:00,2.821,2.821,2.821,2.821,0.0
2020-10-22 19:32:00,2.821,2.821,2.821,2.821,12.381
2020-10-22 19:33:00,2.821,2.821,2.821,2.821,0.0
2020-10-22 19:34:00,2.822,2.822,2.821,2.821,164.49
2020-10-22 19:35:00,2.821,2.821,2.821,2.821,0.0
2020-10-22 19:36:00,2.821,2.821,2.821,2.821,0.0
2020-10-22 19:37:00,2.821,2.821,2.821,2.821,26.34
2020-10-22 19:38:00,2.821,2.821,2.819,2.819,53.68
2020-10-22 19:39:00,2.821,2.821,2.821,2.821,84.732
2020-10-22 19:40:00,2.819,2.821,2.819,2.821,96.0
2020-10-22 19:41:00,2.821,2.821,2.821,2.821,0.0
2020-10-22 19:42:00,2.821,2.821,2.821,2.821,0.0
2020-10-22 19:43:00,2.82,2.825,2.82,2.825,22.442
2020-10-22 19:44:00,2.822,2.823,2.82,2.823,677.659
2020-10-22 19:45:00,2.823,2.824,2.823,2.824,122.281
2020-10-22 19:46:00,2.824,2.824,2.824,2.824,122.44
2020-10-22 19:47:00,2.824,2.824,2.824,2.824,53.48
2020-10-22 19:48:00,2.824,2.824,2.824,2.824,0.0
2020-10-22 19:49:00,2.825,2.825,2.824,2.824,65.59
2020-10-22 19:50:00,2.824,2.824,2.824,2.824,0.0
2020-10-22 19:51:00,2.824,2.824,2.824,2.824,0.0
2020-10-22 19:52:00,2.824,2.841,2.824,2.841,470.681
2020-10-22 19:53:00,2.824,2.841,2.814,2.814,124.71
2020-10-22 19:54:00,2.841,2.841,2.841,2.841,2124.875
2020-10-22 19:55:00,2.841,2.841,2.841,2.841,1482.602
2020-10-22 19:56:00,2.841,2.841,2.841,2.841,0.0
2020-10-22 19:57:00,2.841,2.843,2.841,2.841,793.159
2020-10-22 19:58:00,2.841,2.841,2.841,2.841,0.0
2020-10-22 19:59:00,2.841,2.841,2.841,2.841,0.0
2020-10-22 20:00:00,2.841,2.841,2.841,2.841,0.0
2020-10-22 20:01:00,2.843,2.855,2.843,2.855,400.599
2020-10-22 20:02:00,2.855,2.855,2.855,2.855,3101.375
2020-10-22 20:03:00,2.855,2.855,2.855,2.855,37.05
2020-10-22 20:04:00,2.855,2.856,2.855,2.856,108.049
2020-10-22 20:05:00,2.832,2.856,2.832,2.856,349.01
2020-10-22 20:06:00,2.856,2.856,2.856,2.856,0.0
2020-10-22 20:07:00,2.858,2.859,2.858,2.858,1973.354
2020-10-22 20:08:00,2.859,2.86,2.859,2.86,481.305
2020-10-22 20:09:00,2.86,2.86,2.86,2.86,0.004
2020-10-22 20:10:00,2.861,2.861,2.837,2.837,3.95
2020-10-22 20:11:00,2.837,2.837,2.837,2.837,0.0
2020-10-22 20:12:00,2.862,2.862,2.862,2.862,1.073
2020-10-22 20:13:00,2.862,2.875,2.852,2.862,546.627
2020-10-22 20:14:00,2.862,2.862,2.862,2.862,0.0
2020-10-22 20:15:00,2.876,2.881,2.876,2.881,3254.704
2020-10-22 20:16:00,2.863,2.881,2.863,2.881,431.36
2020-10-22 20:17:00,2.881,2.881,2.881,2.881,26.951
2020-10-22 20:18:00,2.881,2.881,2.881,2.881,41.238
2020-10-22 20:19:00,2.881,2.881,2.881,2.881,1083.136
2020-10-22 20:20:00,2.881,2.881,2.881,2.881,33.02
2020-10-22 20:21:00,2.882,2.885,2.881,2.882,265.15
2020-10-22 20:22:00,2.882,2.885,2.882,2.885,162.742
2020-10-22 20:23:00,2.885,2.885,2.885,2.885,0.0
2020-10-22 20:24:00,2.889,2.892,2.889,2.892,819.299
2020-10-22 20:25:00,2.893,2.893,2.892,2.892,208.95
2020-10-22 20:26:00,2.897,2.909,2.897,2.909,2516.307
2020-10-22 20:27:00,2.909,2.916,2.909,2.916,145.913
2020-10-22 20:28:00,2.916,2.922,2.916,2.922,408.867
2020-10-22 20:29:00,2.922,2.945,2.922,2.93,2153.728
2020-10-22 20:30:00,2.936,2.936,2.935,2.935,228.647
2020-10-22 20:31:00,2.938,2.957,2.923,2.955,3561.517
2020-10-22 20:32:00,2.955,2.97,2.955,2.97,1424.393
2020-10-22 20:33:00,2.955,2.956,2.955,2.955,1175.439
2020-10-22 20:34:00,2.955,2.968,2.922,2.922,1545.691
2020-10-22 20:35:00,2.925,2.925,2.925,2.925,3.923
2020-10-22 20:36:00,2.929,2.929,2.929,2.929,6.337
2020-10-22 20:37:00,2.931,2.931,2.931,2.931,10.167
2020-10-22 20:38:00,2.942,2.942,2.931,2.931,10.959
2020-10-22 20:39:00,2.932,2.943,2.926,2.926,204.068
2020-10-22 20:40:00,2.926,2.926,2.926,2.926,0.0
2020-10-22 20:41:00,2.943,2.945,2.943,2.945,11.538
2020-10-22 20:42:00,2.945,2.945,2.945,2.945,0.0
2020-10-22 20:43:00,2.945,2.945,2.945,2.945,28.445
2020-10-22 20:44:00,2.945,2.966,2.945,2.966,363.309
2020-10-22 20:45:00,2.966,2.966,2.966,2.966,0.0
2020-10-22 20:46:00,2.943,2.943,2.943,2.943,312.31
2020-10-22 20:47:00,2.937,2.937,2.933,2.933,194.691
2020-10-22 20:48:00,2.933,2.933,2.933,2.933,0.0
2020-10-22 20:49:00,2.922,2.922,2.895,2.895,4797.587
2020-10-22 20:50:00,2.895,2.895,2.855,2.855,1154.719
2020-10-22 20:51:00,2.865,2.865,2.855,2.855,272.702
2020-10-22 20:52:00,2.859,2.869,2.859,2.869,324.171
2020-10-22 20:53:00,2.855,2.87,2.855,2.866,937.168
2020-10-22 20:54:00,2.866,2.866,2.866,2.866,25.205
2020-10-22 20:55:00,2.865,2.94,2.865,2.904,4727.538
2020-10-22 20:56:00,2.901,2.901,2.901,2.901,80.293
2020-10-22 20:57:00,2.899,2.902,2.881,2.902,108.696
2020-10-22 20:58:00,2.902,2.911,2.902,2.911,58.731
2020-10-22 20:59:00,2.911,2.911,2.888,2.909,66.75
2020-10-22 21:00:00,2.888,2.888,2.888,2.888,0.001
2020-10-22 21:01:00,2.888,2.888,2.888,2.888,0.0
2020-10-22 21:02:00,2.888,2.888,2.888,2.888,0.0
2020-10-22 21:03:00,2.888,2.888,2.888,2.888,0.0
2020-10-22 21:04:00,2.888,2.888,2.888,2.888,0.0
2020-10-22 21:05:00,2.884,2.884,2.881,2.881,286.312
2020-10-22 21:06:00,2.881,2.881,2.881,2.881,0.0
2020-10-22 21:07:00,2.879,2.879,2.879,2.879,34.0
2020-10-22 21:08:00,2.883,2.884,2.883,2.884,58.216
2020-10-22 21:09:00,2.894,2.894,2.894,2.894,34.0
2020-10-22 21:10:00,2.879,2.879,2.879,2.879,40.449
2020-10-22 21:11:00,2.898,2.898,2.898,2.898,3.715
2020-10-22 21:12:00,2.872,2.872,2.872,2.872,5.158
2020-10-22 21:13:00,2.872,2.872,2.872,2.872,0.0
2020-10-22 21:14:00,2.872,2.872,2.872,2.872,0.0
2020-10-22 21:15:00,2.872,2.872,2.872,2.872,0.0
2020-10-22 21:16:00,2.886,2.886,2.886,2.886,3.6
2020-10-22 21:17:00,2.886,2.886,2.886,2.886,0.0
2020-10-22 21:18:00,2.872,2.872,2.865,2.865,20.49
2020-10-22 21:19:00,2.886,2.888,2.886,2.888,9.255
2020-10-22 21:20:00,2.888,2.888,2.888,2.888,56.144
2020-10-22 21:21:00,2.888,2.888,2.888,2.888,0.0
2020-10-22 21:22:00,2.875,2.875,2.873,2.873,33.82
2020-10-22 21:23:00,2.873,2.873,2.862,2.862,9.245
2020-10-22 21:24:00,2.862,2.862,2.862,2.862,0.0
2020-10-22 21:25:00,2.862,2.862,2.862,2.862,0.0
2020-10-22 21:26:00,2.862,2.862,2.862,2.862,0.0
2020-10-22 21:27:00,2.89,2.89,2.89,2.89,17.301
2020-10-22 21:28:00,2.89,2.89,2.89,2.89,8.506
2020-10-22 21:29:00,2.89,2.89,2.89,2.89,0.0
2020-10-22 21:30:00,2.889,2.889,2.889,2.889,0.964
2020-10-22 21:31:00,2.889,2.889,2.889,2.889,0.0
2020-10-22 21:32:00,2.889,2.889,2.889,2.889,27.841
2020-10-22 21:33:00,2.889,2.889,2.889,2.889,0.0
2020-10-22 21:34:00,2.889,2.889,2.889,2.889,0.0
2020-10-22 21:35:00,2.889,2.889,2.889,2.889,0.0
2020-10-22 21:36:00,2.889,2.889,2.889,2.889,0.0
2020-10-22 21:37:00,2.889,2.889,2.889,2.889,0.0
2020-10-22 21:38:00,2.862,2.862,2.861,2.862,7.586
2020-10-22 21:39:00,2.862,2.862,2.862,2.862,0.0
2020-10-22 21:40:00,2.862,2.862,2.862,2.862,0.0
2020-10-22 21:41:00,2.877,2.877,2.877,2.877,8.176
2020-10-22 21:42:00,2.877,2.877,2.877,2.877,0.0
2020-10-22 21:43:00,2.861,2.861,2.861,2.861,35.21
2020-10-22 21:44:00,2.861,2.861,2.856,2.856,5.682
2020-10-22 21:45:00,2.86,2.86,2.86,2.86,7.403
2020-10-22 21:46:00,2.856,2.856,2.843,2.843,531.531
2020-10-22 21:47:00,2.843,2.843,2.843,2.843,0.0
2020-10-22 21:48:00,2.843,2.843,2.843,2.843,64.92
2020-10-22 21:49:00,2.843,2.843,2.843,2.843,178.911
2020-10-22 21:50:00,2.843,2.843,2.843,2.843,0.0
2020-10-22 21:51:00,2.843,2.843,2.843,2.843,12.675
2020-10-22 21:52:00,2.843,2.86,2.843,2.86,515.985
2020-10-22 21:53:00,2.86,2.86,2.86,2.86,0.0
2020-10-22 21:54:00,2.864,2.864,2.844,2.844,11.205
2020-10-22 21:55:00,2.844,2.844,2.844,2.844,0.0
2020-10-22 21:56:00,2.868,2.881,2.868,2.872,495.094
2020-10-22 21:57:00,2.872,2.872,2.872,2.872,0.0
2020-10-22 21:58:00,2.893,2.915,2.893,2.906,556.318
2020-10-22 21:59:00,2.914,2.914,2.914,2.914,10.504
2020-10-22 22:00:00,2.914,2.914,2.914,2.914,0.0
2020-10-22 22:01:00,2.914,2.914,2.914,2.914,0.0
2020-10-22 22:02:00,2.892,2.892,2.872,2.872,264.8
2020-10-22 22:03:00,2.872,2.872,2.872,2.872,0.0
2020-10-22 22:04:00,2.884,2.884,2.876,2.876,396.204
2020-10-22 22:05:00,2.876,2.876,2.876,2.876,0.0
2020-10-22 22:06:00,2.908,2.908,2.908,2.908,6.954
2020-10-22 22:07:00,2.905,2.905,2.905,2.905,350.0
2020-10-22 22:08:00,2.903,2.903,2.903,2.903,17.24
2020-10-22 22:09:00,2.9,2.9,2.9,2.9,6.059
2020-10-22 22:10:00,2.9,2.9,2.9,2.9,4.431
2020-10-22 22:11:00,2.9,2.9,2.9,2.9,0.0
2020-10-22 22:12:00,2.9,2.9,2.9,2.9,0.0
2020-10-22 22:13:00,2.9,2.9,2.9,2.9,0.0
2020-10-22 22:14:00,2.9,2.9,2.899,2.899,32.025
2020-10-22 22:15:00,2.899,2.899,2.899,2.899,0.0
2020-10-22 22:16:00,2.899,2.899,2.899,2.899,0.0
2020-10-22 22:17:00,2.899,2.899,2.899,2.899,0.0
2020-10-22 22:18:00,2.88,2.88,2.88,2.88,69.05
2020-10-22 22:19:00,2.88,2.899,2.879,2.899,159.508
2020-10-22 22:20:00,2.899,2.899,2.899,2.899,0.0
2020-10-22 22:21:00,2.899,2.899,2.899,2.899,0.0
2020-10-22 22:22:00,2.879,2.879,2.879,2.879,106.647
2020-10-22 22:23:00,2.876,2.876,2.872,2.872,11.702
2020-10-22 22:24:00,2.872,2.872,2.872,2.872,0.0
2020-10-22 22:25:00,2.872,2.872,2.872,2.872,0.0
2020-10-22 22:26:00,2.872,2.872,2.872,2.872,0.0
2020-10-22 22:27:00,2.872,2.872,2.872,2.872,0.0
2020-10-22 22:28:00,2.872,2.872,2.872,2.872,0.0
2020-10-22 22:29:00,2.877,2.877,2.877,2.877,15.793
2020-10-22 22:30:00,2.877,2.877,2.877,2.877,0.0
2020-10-22 22:31:00,2.877,2.877,2.877,2.877,0.0
2020-10-22 22:32:00,2.877,2.877,2.877,2.877,0.0
2020-10-22 22:33:00,2.877,2.877,2.877,2.877,0.0
2020-10-22 22:34:00,2.895,2.895,2.895,2.895,258.791
2020-10-22 22:35:00,2.895,2.895,2.895,2.895,0.0
2020-10-22 22:36:00,2.895,2.895,2.895,2.895,0.0
2020-10-22 22:37:00,2.893,2.898,2.893,2.898,260.367
2020-10-22 22:38:00,2.898,2.898,2.898,2.898,84.566
2020-10-22 22:39:00,2.898,2.898,2.898,2.898,0.0
2020-10-22 22:40:00,2.898,2.898,2.898,2.898,0.0
2020-10-22 22:41:00,2.898,2.898,2.898,2.898,0.0
2020-10-22 22:42:00,2.898,2.898,2.898,2.898,0.0
2020-10-22 22:43:00,2.898,2.898,2.898,2.898,0.0
2020-10-22 22:44:00,2.898,2.898,2.898,2.898,0.0
2020-10-22 22:45:00,2.898,2.898,2.898,2.898,0.0
2020-10-22 22:46:00,2.898,2.898,2.898,2.898,0.0
2020-10-22 22:47:00,2.898,2.898,2.898,2.898,0.0
2020-10-22 22:48:00,2.9,2.9,2.9,2.9,241.449
2020-10-22 22:49:00,2.9,2.9,2.9,2.9,0.0
2020-10-22 22:50:00,2.9,2.9,2.9,2.9,0.0
2020-10-22 22:51:00,2.9,2.9,2.9,2.9,0.0
2020-10-22 22:52:00,2.9,2.9,2.9,2.9,0.0
2020-10-22 22:53:00,2.9,2.9,2.9,2.9,0.0
2020-10-22 22:54:00,2.9,2.9,2.9,2.9,0.0
2020-10-22 22:55:00,2.9,2.9,2.9,2.9,0.0
2020-10-22 22:56:00,2.9,2.9,2.9,2.9,0.0
2020-10-22 22:57:00,2.9,2.9,2.9,2.9,0.0
2020-10-22 22:58:00,2.9,2.9,2.9,2.9,0.0
2020-10-22 22:59:00,2.9,2.9,2.9,2.9,0.0
2020-10-22 23:00:00,2.872,2.872,2.872,2.872,496.275
2020-10-22 23:01:00,2.872,2.872,2.872,2.872,0.0
2020-10-22 23:02:00,2.872,2.872,2.872,2.872,0.0
2020-10-22 23:03:00,2.872,2.872,2.872,2.872,0.0
2020-10-22 23:04:00,2.872,2.872,2.872,2.872,31.06
2020-10-22 23:05:00,2.89,2.89,2.872,2.872,9.275
2020-10-22 23:06:00,2.88,2.88,2.88,2.88,59.078
2020-10-22 23:07:00,2.88,2.88,2.88,2.88,0.0
2020-10-22 23:08:00,2.88,2.88,2.88,2.88,21.57
2020-10-22 23:09:00,2.88,2.88,2.88,2.88,0.0
2020-10-22 23:10:00,2.88,2.88,2.88,2.88,0.0
2020-10-22 23:11:00,2.887,2.888,2.887,2.888,176.266
2020-10-22 23:12:00,2.88,2.88,2.88,2.88,11.539
2020-10-22 23:13:00,2.88,2.88,2.88,2.88,0.0
2020-10-22 23:14:00,2.88,2.88,2.88,2.88,0.0
2020-10-22 23:15:00,2.88,2.88,2.88,2.88,0.0
2020-10-22 23:16:00,2.88,2.88,2.88,2.88,0.0
2020-10-22 23:17:00,2.88,2.88,2.88,2.88,0.0
2020-10-22 23:18:00,2.88,2.88,2.88,2.88,0.0
2020-10-22 23:19:00,2.88,2.88,2.88,2.88,0.0
2020-10-22 23:20:00,2.88,2.88,2.88,2.88,0.0
2020-10-22 23:21:00,2.872,2.872,2.86,2.863,379.942
2020-10-22 23:22:00,2.863,2.863,2.863,2.863,0.0
2020-10-22 23:23:00,2.863,2.863,2.863,2.863,40.718
2020-10-22 23:24:00,2.863,2.863,2.863,2.863,0.0
2020-10-22 23:25:00,2.856,2.856,2.842,2.85,237.665
2020-10-22 23:26:00,2.85,2.85,2.85,2.85,7.004
2020-10-22 23:27:00,2.85,2.85,2.85,2.85,0.0
2020-10-22 23:28:00,2.85,2.85,2.85,2.85,0.0
2020-10-22 23:29:00,2.877,2.877,2.85,2.85,125.593
2020-10-22 23:30:00,2.85,2.85,2.85,2.85,0.0
2020-10-22 23:31:00,2.85,2.85,2.85,2.85,0.0
2020-10-22 23:32:00,2.844,2.866,2.839,2.854,182.0
2020-10-22 23:33:00,2.854,2.854,2.854,2.854,0.0
2020-10-22 23:34:00,2.854,2.854,2.854,2.854,0.0
2020-10-22 23:35:00,2.854,2.854,2.854,2.854,0.0
2020-10-22 23:36:00,2.854,2.854,2.854,2.854,0.0
2020-10-22 23:37:00,2.854,2.854,2.854,2.854,0.0
2020-10-22 23:38:00,2.854,2.854,2.854,2.854,0.0
2020-10-22 23:39:00,2.854,2.854,2.854,2.854,0.0
2020-10-22 23:40:00,2.842,2.842,2.842,2.842,0.997
2020-10-22 23:41:00,2.842,2.842,2.842,2.842,15.783
2020-10-22 23:42:00,2.842,2.842,2.842,2.842,11.061
2020-10-22 23:43:00,2.842,2.842,2.842,2.842,0.0
2020-10-22 23:44:00,2.842,2.842,2.842,2.842,0.0
2020-10-22 23:45:00,2.842,2.842,2.842,2.842,0.0
2020-10-22 23:46:00,2.842,2.842,2.842,2.842,0.0
2020-10-22 23:47:00,2.842,2.842,2.842,2.842,0.0
2020-10-22 23:48:00,2.842,2.842,2.842,2.842,0.0
2020-10-22 23:49:00,2.842,2.842,2.842,2.842,0.0
2020-10-22 23:50:00,2.842,2.842,2.842,2.842,0.0
2020-10-22 23:51:00,2.842,2.842,2.842,2.842,0.0
2020-10-22 23:52:00,2.842,2.842,2.842,2.842,147.79
2020-10-22 23:53:00,2.842,2.842,2.825,2.84,91.073
2020-10-22 23:54:00,2.84,2.84,2.84,2.84,180.191
2020-10-22 23:55:00,2.84,2.84,2.84,2.84,0.0
2020-10-22 23:56:00,2.84,2.84,2.84,2.84,12.492
2020-10-22 23:57:00,2.84,2.84,2.84,2.84,0.0
2020-10-22 23:58:00,2.827,2.827,2.827,2.827,8.764
2020-10-22 23:59:00,2.826,2.826,2.826,2.826,944.47
2020-10-23 00:00:00,2.826,2.826,2.817,2.817,679.78
2020-10-23 00:01:00,2.818,2.818,2.817,2.817,63.424
2020-10-23 00:02:00,2.818,2.831,2.818,2.831,284.0
2020-10-23 00:03:00,2.818,2.818,2.802,2.809,155.999
2020-10-23 00:04:00,2.81,2.81,2.81,2.81,35.833
2020-10-23 00:05:00,2.815,2.815,2.815,2.815,8.203
2020-10-23 00:06:00,2.815,2.815,2.815,2.815,0.0
2020-10-23 00:07:00,2.804,2.804,2.803,2.803,43.529
2020-10-23 00:08:00,2.803,2.803,2.803,2.803,0.0
2020-10-23 00:09:00,2.803,2.803,2.803,2.803,0.0
2020-10-23 00:10:00,2.803,2.803,2.803,2.803,0.0
2020-10-23 00:11:00,2.803,2.803,2.803,2.803,0.0
2020-10-23 00:12:00,2.803,2.803,2.803,2.803,0.0
2020-10-23 00:13:00,2.803,2.803,2.803,2.803,0.0
2020-10-23 00:14:00,2.803,2.803,2.803,2.803,0.0
2020-10-23 00:15:00,2.803,2.803,2.803,2.803,0.0
2020-10-23 00:16:00,2.803,2.803,2.803,2.803,0.0
2020-10-23 00:17:00,2.815,2.825,2.806,2.806,12.267
2020-10-23 00:18:00,2.807,2.82,2.8,2.8,974.277
2020-10-23 00:19:00,2.817,2.818,2.817,2.818,95.805
2020-10-23 00:20:00,2.827,2.827,2.827,2.827,1.067
2020-10-23 00:21:00,2.827,2.827,2.827,2.827,0.0
2020-10-23 00:22:00,2.827,2.827,2.827,2.827,0.0
2020-10-23 00:23:00,2.827,2.827,2.827,2.827,0.0
2020-10-23 00:24:00,2.827,2.827,2.827,2.827,0.0
2020-10-23 00:25:00,2.827,2.827,2.827,2.827,0.0
2020-10-23 00:26:00,2.827,2.827,2.827,2.827,0.0
2020-10-23 00:27:00,2.827,2.827,2.827,2.827,0.0
2020-10-23 00:28:00,2.821,2.821,2.821,2.821,19.333
2020-10-23 00:29:00,2.821,2.821,2.821,2.821,0.0
2020-10-23 00:30:00,2.821,2.821,2.821,2.821,0.0
2020-10-23 00:31:00,2.802,2.802,2.802,2.802,4.267
2020-10-23 00:32:00,2.802,2.802,2.802,2.802,0.0
2020-10-23 00:33:00,2.802,2.802,2.802,2.802,0.0
2020-10-23 00:34:00,2.802,2.802,2.802,2.802,0.0
2020-10-23 00:35:00,2.802,2.802,2.802,2.802,0.0
2020-10-23 00:36:00,2.802,2.802,2.802,2.802,0.0
2020-10-23 00:37:00,2.802,2.802,2.802,2.802,0.0
2020-10-23 00:38:00,2.802,2.802,2.802,2.802,0.0
2020-10-23 00:39:00,2.802,2.802,2.802,2.802,0.0
2020-10-23 00:40:00,2.802,2.802,2.802,2.802,19.313
2020-10-23 00:41:00,2.802,2.802,2.802,2.802,0.0
2020-10-23 00:42:00,2.802,2.802,2.802,2.802,30.038
2020-10-23 00:43:00,2.8,2.8,2.753,2.782,4273.043
2020-10-23 00:44:00,2.781,2.782,2.781,2.782,22.506
2020-10-23 00:45:00,2.778,2.779,2.776,2.777,472.633
2020-10-23 00:46:00,2.776,2.776,2.776,2.776,17.92
2020-10-23 00:47:00,2.773,2.773,2.773,2.773,174.503
2020-10-23 00:48:00,2.774,2.779,2.773,2.779,251.621
2020-10-23 00:49:00,2.769,2.789,2.748,2.77,3919.756
2020-10-23 00:50:00,2.77,2.772,2.77,2.77,57.941
2020-10-23 00:51:00,2.77,2.77,2.77,2.77,0.0
2020-10-23 00:52:00,2.764,2.764,2.754,2.764,465.108
2020-10-23 00:53:00,2.764,2.764,2.764,2.764,0.0
2020-10-23 00:54:00,2.764,2.764,2.764,2.764,1015.62
2020-10-23 00:55:00,2.764,2.764,2.764,2.764,383.0
2020-10-23 00:56:00,2.764,2.813,2.759,2.786,2174.633
2020-10-23 00:57:00,2.786,2.786,2.786,2.786,0.0
2020-10-23 00:58:00,2.786,2.786,2.786,2.786,0.0
2020-10-23 00:59:00,2.767,2.767,2.764,2.764,91.331
2020-10-23 01:00:00,2.764,2.764,2.764,2.764,0.0
2020-10-23 01:01:00,2.764,2.764,2.764,2.764,0.0
2020-10-23 01:02:00,2.764,2.764,2.764,2.764,0.0
2020-10-23 01:03:00,2.764,2.764,2.764,2.764,0.0
2020-10-23 01:04:00,2.764,2.764,2.764,2.764,0.0
2020-10-23 01:05:00,2.764,2.764,2.764,2.764,0.0
2020-10-23 01:06:00,2.764,2.764,2.764,2.764,0.0
2020-10-23 01:07:00,2.771,2.771,2.771,2.771,8.71
2020-10-23 01:08:00,2.771,2.771,2.771,2.771,0.0
2020-10-23 01:09:00,2.771,2.771,2.771,2.771,0.0
2020-10-23 01:10:00,2.771,2.771,2.771,2.771,0.0
2020-10-23 01:11:00,2.771,2.771,2.77,2.77,36.1
2020-10-23 01:12:00,2.772,2.772,2.772,2.772,4.226
2020-10-23 01:13:00,2.772,2.772,2.772,2.772,0.0
2020-10-23 01:14:00,2.772,2.772,2.772,2.772,0.0
2020-10-23 01:15:00,2.772,2.772,2.772,2.772,0.0
2020-10-23 01:16:00,2.772,2.772,2.772,2.772,0.0
2020-10-23 01:17:00,2.772,2.772,2.772,2.772,0.0
2020-10-23 01:18:00,2.772,2.772,2.772,2.772,0.0
2020-10-23 01:19:00,2.772,2.772,2.772,2.772,73.23
2020-10-23 01:20:00,2.772,2.772,2.772,2.772,0.0
2020-10-23 01:21:00,2.772,2.772,2.772,2.772,0.0
2020-10-23 01:22:00,2.772,2.772,2.772,2.772,0.0
2020-10-23 01:23:00,2.772,2.772,2.772,2.772,0.0
2020-10-23 01:24:00,2.772,2.772,2.772,2.772,0.002
2020-10-23 01:25:00,2.784,2.785,2.784,2.785,11.159
2020-10-23 01:26:00,2.785,2.785,2.785,2.785,0.0
2020-10-23 01:27:00,2.785,2.785,2.785,2.785,0.0
2020-10-23 01:28:00,2.785,2.785,2.785,2.785,0.0
2020-10-23 01:29:00,2.785,2.785,2.785,2.785,0.0
2020-10-23 01:30:00,2.785,2.785,2.785,2.785,0.0
2020-10-23 01:31:00,2.785,2.785,2.785,2.785,0.0
2020-10-23 01:32:00,2.785,2.785,2.785,2.785,0.0
2020-10-23 01:33:00,2.785,2.785,2.785,2.785,0.0
2020-10-23 01:34:00,2.785,2.785,2.785,2.785,0.0
2020-10-23 01:35:00,2.785,2.785,2.785,2.785,0.0
2020-10-23 01:36:00,2.785,2.785,2.785,2.785,0.0
2020-10-23 01:37:00,2.785,2.785,2.785,2.785,0.0
2020-10-23 01:38:00,2.785,2.785,2.785,2.785,0.0
2020-10-23 01:39:00,2.785,2.785,2.785,2.785,0.0
2020-10-23 01:40:00,2.785,2.785,2.785,2.785,0.0
2020-10-23 01:41:00,2.785,2.785,2.785,2.785,0.0
2020-10-23 01:42:00,2.784,2.784,2.784,2.784,4.785
2020-10-23 01:43:00,2.785,2.792,2.785,2.792,7.515
2020-10-23 01:44:00,2.792,2.792,2.792,2.792,0.0
2020-10-23 01:45:00,2.792,2.792,2.792,2.792,0.0
2020-10-23 01:46:00,2.78,2.78,2.78,2.78,33.093
2020-10-23 01:47:00,2.78,2.78,2.78,2.78,0.0
2020-10-23 01:48:00,2.78,2.78,2.78,2.78,0.0
2020-10-23 01:49:00,2.773,2.773,2.732,2.762,3314.379
2020-10-23 01:50:00,2.747,2.747,2.747,2.747,10.859
2020-10-23 01:51:00,2.746,2.746,2.742,2.742,44.859
2020-10-23 01:52:00,2.747,2.747,2.747,2.747,175.18
2020-10-23 01:53:00,2.747,2.747,2.734,2.74,762.028
2020-10-23 01:54:00,2.74,2.74,2.74,2.74,0.0
2020-10-23 01:55:00,2.74,2.74,2.74,2.74,0.0
2020-10-23 01:56:00,2.74,2.74,2.74,2.74,0.0
2020-10-23 01:57:00,2.733,2.735,2.729,2.73,421.183
2020-10-23 01:58:00,2.73,2.73,2.73,2.73,0.0
2020-10-23 01:59:00,2.73,2.73,2.73,2.73,0.0
2020-10-23 02:00:00,2.73,2.73,2.73,2.73,0.0
2020-10-23 02:01:00,2.73,2.73,2.73,2.73,0.0
2020-10-23 02:02:00,2.73,2.73,2.73,2.73,0.0
2020-10-23 02:03:00,2.74,2.74,2.74,2.74,0.009
2020-10-23 02:04:00,2.746,2.746,2.746,2.746,1.063
2020-10-23 02:05:00,2.746,2.746,2.746,2.746,0.0
2020-10-23 02:06:00,2.746,2.746,2.746,2.746,0.0
2020-10-23 02:07:00,2.74,2.74,2.74,2.74,21.925
2020-10-23 02:08:00,2.74,2.74,2.74,2.74,0.0
2020-10-23 02:09:00,2.74,2.74,2.74,2.74,0.0
2020-10-23 02:10:00,2.746,2.749,2.746,2.749,536.177
2020-10-23 02:11:00,2.75,2.75,2.75,2.75,9.676
2020-10-23 02:12:00,2.75,2.75,2.75,2.75,0.0
2020-10-23 02:13:00,2.75,2.75,2.75,2.75,0.0
2020-10-23 02:14:00,2.75,2.75,2.75,2.75,0.0
2020-10-23 02:15:00,2.75,2.75,2.75,2.75,0.0
2020-10-23 02:16:00,2.746,2.746,2.746,2.746,100.0
2020-10-23 02:17:00,2.746,2.746,2.746,2.746,0.0
2020-10-23 02:18:00,2.746,2.746,2.746,2.746,0.0
2020-10-23 02:19:00,2.747,2.747,2.747,2.747,39.171
2020-10-23 02:20:00,2.747,2.747,2.747,2.747,0.0
2020-10-23 02:21:00,2.747,2.747,2.747,2.747,0.0
2020-10-23 02:22:00,2.743,2.743,2.743,2.743,14.53
2020-10-23 02:23:00,2.743,2.747,2.743,2.747,13.049
2020-10-23 02:24:00,2.747,2.747,2.747,2.747,0.0
2020-10-23 02:25:00,2.754,2.754,2.734,2.734,583.754
2020-10-23 02:26:00,2.734,2.734,2.734,2.734,0.0
2020-10-23 02:27:00,2.734,2.734,2.734,2.734,0.0
2020-10-23 02:28:00,2.734,2.734,2.734,2.734,0.0
2020-10-23 02:29:00,2.734,2.734,2.734,2.734,0.0
2020-10-23 02:30:00,2.734,2.734,2.734,2.734,0.0
2020-10-23 02:31:00,2.734,2.734,2.734,2.734,0.0
2020-10-23 02:32:00,2.734,2.734,2.734,2.734,0.0
2020-10-23 02:33:00,2.734,2.734,2.734,2.734,0.0
2020-10-23 02:34:00,2.754,2.758,2.754,2.758,10.24
2020-10-23 02:35:00,2.758,2.758,2.758,2.758,0.0
2020-10-23 02:36:00,2.758,2.758,2.758,2.758,0.0
2020-10-23 02:37:00,2.758,2.758,2.758,2.758,0.0
2020-10-23 02:38:00,2.758,2.758,2.758,2.758,0.0
2020-10-23 02:39:00,2.758,2.758,2.758,2.758,0.0
2020-10-23 02:40:00,2.758,2.758,2.758,2.758,0.0
2020-10-23 02:41:00,2.76,2.766,2.76,2.766,70.82
2020-10-23 02:42:00,2.766,2.766,2.766,2.766,0.0
2020-10-23 02:43:00,2.766,2.766,2.766,2.766,0.0
2020-10-23 02:44:00,2.762,2.766,2.762,2.766,1704.789
2020-10-23 02:45:00,2.766,2.766,2.766,2.766,0.0
2020-10-23 02:46:00,2.766,2.766,2.766,2.766,0.0
2020-10-23 02:47:00,2.766,2.766,2.766,2.766,72.306
2020-10-23 02:48:00,2.766,2.766,2.766,2.766,0.0
2020-10-23 02:49:00,2.766,2.766,2.766,2.766,0.0
2020-10-23 02:50:00,2.766,2.766,2.766,2.766,0.0
2020-10-23 02:51:00,2.766,2.766,2.766,2.766,0.0
2020-10-23 02:52:00,2.766,2.766,2.766,2.766,0.0
2020-10-23 02:53:00,2.766,2.766,2.766,2.766,0.0
2020-10-23 02:54:00,2.766,2.766,2.766,2.766,0.0
2020-10-23 02:55:00,2.766,2.766,2.766,2.766,0.0
2020-10-23 02:56:00,2.766,2.766,2.766,2.766,0.0
2020-10-23 02:57:00,2.766,2.766,2.766,2.766,0.0
2020-10-23 02:58:00,2.766,2.766,2.766,2.766,0.0
2020-10-23 02:59:00,2.766,2.766,2.766,2.766,0.0
2020-10-23 03:00:00,2.766,2.766,2.766,2.766,0.0
2020-10-23 03:01:00,2.766,2.766,2.766,2.766,0.0
2020-10-23 03:02:00,2.766,2.766,2.766,2.766,0.0
2020-10-23 03:03:00,2.766,2.766,2.766,2.766,0.0
2020-10-23 03:04:00,2.766,2.766,2.766,2.766,0.0
2020-10-23 03:05:00,2.766,2.766,2.766,2.766,0.0
2020-10-23 03:06:00,2.766,2.766,2.766,2.766,0.0
2020-10-23 03:07:00,2.766,2.766,2.766,2.766,0.0
2020-10-23 03:08:00,2.766,2.766,2.766,2.766,0.0
2020-10-23 03:09:00,2.765,2.765,2.765,2.765,70.82
2020-10-23 03:10:00,2.765,2.765,2.765,2.765,0.0
2020-10-23 03:11:00,2.765,2.765,2.765,2.765,0.0
2020-10-23 03:12:00,2.765,2.765,2.765,2.765,5.099
2020-10-23 03:13:00,2.765,2.765,2.765,2.765,0.0
2020-10-23 03:14:00,2.765,2.765,2.765,2.765,0.0
2020-10-23 03:15:00,2.765,2.765,2.765,2.765,0.0
2020-10-23 03:16:00,2.765,2.765,2.765,2.765,0.0
2020-10-23 03:17:00,2.765,2.765,2.765,2.765,1.226
2020-10-23 03:18:00,2.765,2.765,2.765,2.765,0.0
2020-10-23 03:19:00,2.746,2.746,2.738,2.738,253.103
2020-10-23 03:20:00,2.742,2.742,2.738,2.738,76.242
2020-10-23 03:21:00,2.738,2.738,2.738,2.738,0.0
2020-10-23 03:22:00,2.738,2.738,2.738,2.738,0.0
2020-10-23 03:23:00,2.76,2.76,2.735,2.737,45.625
2020-10-23 03:24:00,2.738,2.738,2.738,2.738,3.954
2020-10-23 03:25:00,2.738,2.738,2.738,2.738,0.0
2020-10-23 03:26:00,2.738,2.738,2.738,2.738,0.0
2020-10-23 03:27:00,2.734,2.734,2.705,2.72,2503.639
2020-10-23 03:28:00,2.709,2.71,2.701,2.701,270.733
2020-10-23 03:29:00,2.701,2.701,2.701,2.701,0.0
2020-10-23 03:30:00,2.714,2.714,2.714,2.714,3.733
2020-10-23 03:31:00,2.714,2.714,2.714,2.714,0.0
2020-10-23 03:32:00,2.702,2.704,2.702,2.704,26.825
2020-10-23 03:33:00,2.704,2.704,2.704,2.704,0.0
2020-10-23 03:34:00,2.704,2.704,2.704,2.704,0.0
2020-10-23 03:35:00,2.704,2.704,2.704,2.704,0.0
2020-10-23 03:36:00,2.704,2.704,2.704,2.704,0.0
2020-10-23 03:37:00,2.704,2.715,2.704,2.715,48.51
2020-10-23 03:38:00,2.705,2.705,2.705,2.705,202.039
2020-10-23 03:39:00,2.705,2.714,2.705,2.714,150.202
2020-10-23 03:40:00,2.706,2.706,2.706,2.706,20.83
2020-10-23 03:41:00,2.715,2.73,2.706,2.706,334.009
2020-10-23 03:42:00,2.706,2.706,2.706,2.706,0.0
2020-10-23 03:43:00,2.706,2.706,2.706,2.706,0.0
2020-10-23 03:44:00,2.706,2.706,2.705,2.705,300.814
2020-10-23 03:45:00,2.702,2.728,2.702,2.728,185.227
2020-10-23 03:46:00,2.703,2.703,2.702,2.702,101.0
2020-10-23 03:47:00,2.703,2.703,2.703,2.703,8.75
2020-10-23 03:48:00,2.703,2.703,2.703,2.703,0.0
2020-10-23 03:49:00,2.721,2.728,2.721,2.728,64.5
2020-10-23 03:50:00,2.727,2.727,2.727,2.727,65.116
2020-10-23 03:51:00,2.727,2.727,2.727,2.727,191.536
2020-10-23 03:52:00,2.727,2.727,2.727,2.727,1.155
2020-10-23 03:53:00,2.727,2.727,2.727,2.727,0.0
2020-10-23 03:54:00,2.706,2.706,2.706,2.706,71.174
2020-10-23 03:55:00,2.706,2.706,2.706,2.706,0.0
2020-10-23 03:56:00,2.706,2.706,2.706,2.706,0.0
2020-10-23 03:57:00,2.706,2.706,2.706,2.706,0.0
2020-10-23 03:58:00,2.706,2.706,2.706,2.706,0.0
2020-10-23 03:59:00,2.706,2.706,2.706,2.706,0.0
2020-10-23 04:00:00,2.706,2.706,2.706,2.706,0.0
2020-10-23 04:01:00,2.704,2.704,2.7,2.7,1214.368
2020-10-23 04:02:00,2.715,2.715,2.715,2.715,1.226
2020-10-23 04:03:00,2.701,2.701,2.7,2.7,40.728
2020-10-23 04:04:00,2.7,2.7,2.7,2.7,0.0
2020-10-23 04:05:00,2.7,2.701,2.7,2.701,15.41
2020-10-23 04:06:00,2.701,2.701,2.701,2.701,0.0
2020-10-23 04:07:00,2.701,2.701,2.701,2.701,0.0
2020-10-23 04:08:00,2.701,2.701,2.701,2.701,0.0
2020-10-23 04:09:00,2.7,2.701,2.692,2.701,425.289
2020-10-23 04:10:00,2.682,2.683,2.682,2.683,96.721
2020-10-23 04:11:00,2.683,2.683,2.683,2.683,0.0
2020-10-23 04:12:00,2.683,2.683,2.683,2.683,0.0
2020-10-23 04:13:00,2.683,2.683,2.683,2.683,0.0
2020-10-23 04:14:00,2.693,2.693,2.688,2.688,156.458
2020-10-23 04:15:00,2.69,2.69,2.69,2.69,7.721
2020-10-23 04:16:00,2.7,2.7,2.7,2.7,9.62
2020-10-23 04:17:00,2.7,2.7,2.7,2.7,63.76
2020-10-23 04:18:00,2.7,2.7,2.7,2.7,0.0
2020-10-23 04:19:00,2.701,2.71,2.7,2.7,143.815
2020-10-23 04:20:00,2.7,2.7,2.7,2.7,283.62
2020-10-23 04:21:00,2.714,2.714,2.714,2.714,200.0
2020-10-23 04:22:00,2.714,2.714,2.714,2.714,0.0
2020-10-23 04:23:00,2.714,2.714,2.714,2.714,0.0
2020-10-23 04:24:00,2.715,2.715,2.715,2.715,8.109
2020-10-23 04:25:00,2.715,2.715,2.715,2.715,0.0
2020-10-23 04:26:00,2.715,2.715,2.715,2.715,0.0
2020-10-23 04:27:00,2.715,2.715,2.715,2.715,176.93
2020-10-23 04:28:00,2.715,2.715,2.715,2.715,0.0
2020-10-23 04:29:00,2.715,2.715,2.715,2.715,0.0
2020-10-23 04:30:00,2.706,2.706,2.706,2.706,6.62
2020-10-23 04:31:00,2.706,2.706,2.706,2.706,0.0
2020-10-23 04:32:00,2.706,2.706,2.706,2.706,0.0
2020-10-23 04:33:00,2.706,2.706,2.706,2.706,0.0
2020-10-23 04:34:00,2.706,2.706,2.706,2.706,0.96
2020-10-23 04:35:00,2.706,2.706,2.706,2.706,0.0
2020-10-23 04:36:00,2.706,2.706,2.706,2.706,1.043
2020-10-23 04:37:00,2.706,2.706,2.706,2.706,0.0
2020-10-23 04:38:00,2.706,2.706,2.706,2.706,0.0
2020-10-23 04:39:00,2.706,2.706,2.706,2.706,0.0
2020-10-23 04:40:00,2.706,2.706,2.706,2.706,0.0
2020-10-23 04:41:00,2.7,2.7,2.7,2.7,22.804
2020-10-23 04:42:00,2.7,2.7,2.7,2.7,0.0
2020-10-23 04:43:00,2.7,2.7,2.7,2.7,0.0
2020-10-23 04:44:00,2.7,2.7,2.7,2.7,0.0
2020-10-23 04:45:00,2.7,2.7,2.7,2.7,0.0
2020-10-23 04:46:00,2.701,2.701,2.701,2.701,11.376
2020-10-23 04:47:00,2.701,2.705,2.69,2.69,110.456
2020-10-23 04:48:00,2.69,2.69,2.69,2.69,180.011
2020-10-23 04:49:00,2.69,2.69,2.69,2.69,0.0
2020-10-23 04:50:00,2.699,2.699,2.699,2.699,14.821
2020-10-23 04:51:00,2.699,2.699,2.699,2.699,0.0
2020-10-23 04:52:00,2.699,2.699,2.699,2.699,9.153
2020-10-23 04:53:00,2.699,2.699,2.699,2.699,0.0
2020-10-23 04:54:00,2.699,2.699,2.699,2.699,0.0
2020-10-23 04:55:00,2.699,2.699,2.699,2.699,0.0
2020-10-23 04:56:00,2.699,2.699,2.699,2.699,0.0
2020-10-23 04:57:00,2.699,2.699,2.699,2.699,0.0
2020-10-23 04:58:00,2.69,2.69,2.69,2.69,79.43
2020-10-23 04:59:00,2.69,2.69,2.69,2.69,0.0
2020-10-23 05:00:00,2.69,2.69,2.69,2.69,0.0
2020-10-23 05:01:00,2.69,2.69,2.69,2.69,30.953
2020-10-23 05:02:00,2.69,2.69,2.69,2.69,0.0
2020-10-23 05:03:00,2.69,2.69,2.69,2.69,0.0
2020-10-23 05:04:00,2.69,2.69,2.69,2.69,0.0
2020-10-23 05:05:00,2.704,2.715,2.704,2.715,1116.423
2020-10-23 05:06:00,2.715,2.715,2.715,2.715,0.0
2020-10-23 05:07:00,2.715,2.715,2.715,2.715,0.0
2020-10-23 05:08:00,2.715,2.715,2.715,2.715,0.0
2020-10-23 05:09:00,2.715,2.715,2.715,2.715,0.0
2020-10-23 05:10:00,2.72,2.729,2.72,2.729,50.0
2020-10-23 05:11:00,2.701,2.701,2.7,2.7,14.75
2020-10-23 05:12:00,2.7,2.7,2.7,2.7,0.0
2020-10-23 05:13:00,2.7,2.7,2.7,2.7,0.0
2020-10-23 05:14:00,2.7,2.7,2.7,2.7,0.0
2020-10-23 05:15:00,2.7,2.7,2.7,2.7,0.0
2020-10-23 05:16:00,2.7,2.7,2.7,2.7,0.0
2020-10-23 05:17:00,2.7,2.7,2.7,2.7,0.0
2020-10-23 05:18:00,2.727,2.727,2.727,2.727,36.67
2020-10-23 05:19:00,2.727,2.727,2.727,2.727,0.0
2020-10-23 05:20:00,2.725,2.725,2.725,2.725,18.348
2020-10-23 05:21:00,2.701,2.701,2.7,2.7,202.526
2020-10-23 05:22:00,2.7,2.7,2.7,2.7,0.0
2020-10-23 05:23:00,2.719,2.721,2.719,2.721,18.385
2020-10-23 05:24:00,2.721,2.721,2.721,2.721,0.0
2020-10-23 05:25:00,2.721,2.721,2.721,2.721,0.0
2020-10-23 05:26:00,2.721,2.721,2.721,2.721,0.0
2020-10-23 05:27:00,2.721,2.721,2.721,2.721,0.0
2020-10-23 05:28:00,2.721,2.721,2.721,2.721,6.53
2020-10-23 05:29:00,2.701,2.701,2.7,2.701,34.692
2020-10-23 05:30:00,2.72,2.72,2.72,2.72,3.676
2020-10-23 05:31:00,2.72,2.72,2.72,2.72,0.0
2020-10-23 05:32:00,2.72,2.72,2.72,2.72,0.0
2020-10-23 05:33:00,2.72,2.72,2.72,2.72,0.0
2020-10-23 05:34:00,2.72,2.72,2.72,2.72,0.0
2020-10-23 05:35:00,2.72,2.72,2.72,2.72,0.0
2020-10-23 05:36:00,2.72,2.72,2.72,2.72,0.0
2020-10-23 05:37:00,2.72,2.72,2.72,2.72,0.0
2020-10-23 05:38:00,2.72,2.72,2.72,2.72,0.0
2020-10-23 05:39:00,2.72,2.72,2.72,2.72,0.0
2020-10-23 05:40:00,2.72,2.72,2.72,2.72,0.0
2020-10-23 05:41:00,2.72,2.72,2.72,2.72,0.0
2020-10-23 05:42:00,2.72,2.72,2.72,2.72,0.0
2020-10-23 05:43:00,2.701,2.701,2.7,2.7,61.619
2020-10-23 05:44:00,2.7,2.7,2.7,2.7,0.0
2020-10-23 05:45:00,2.7,2.7,2.7,2.7,0.0
2020-10-23 05:46:00,2.7,2.7,2.7,2.7,285.298
2020-10-23 05:47:00,2.7,2.7,2.7,2.7,4.723
2020-10-23 05:48:00,2.7,2.7,2.7,2.7,0.0
2020-10-23 05:49:00,2.702,2.702,2.7,2.7,558.779
2020-10-23 05:50:00,2.7,2.7,2.7,2.7,0.0
2020-10-23 05:51:00,2.7,2.7,2.7,2.7,0.0
2020-10-23 05:52:00,2.705,2.705,2.705,2.705,4.76
2020-10-23 05:53:00,2.705,2.705,2.7,2.7,18.574
2020-10-23 05:54:00,2.7,2.7,2.7,2.7,60.25
2020-10-23 05:55:00,2.7,2.7,2.7,2.7,78.749
2020-10-23 05:56:00,2.7,2.7,2.7,2.7,0.0
2020-10-23 05:57:00,2.7,2.7,2.7,2.7,0.0
2020-10-23 05:58:00,2.7,2.7,2.7,2.7,0.0
2020-10-23 05:59:00,2.7,2.7,2.7,2.7,0.0
2020-10-23 06:00:00,2.7,2.7,2.7,2.7,0.0
2020-10-23 06:01:00,2.705,2.705,2.705,2.705,26.01
2020-10-23 06:02:00,2.705,2.705,2.705,2.705,0.0
2020-10-23 06:03:00,2.705,2.705,2.705,2.705,0.0
2020-10-23 06:04:00,2.705,2.705,2.705,2.705,0.0
2020-10-23 06:05:00,2.705,2.705,2.705,2.705,0.0
2020-10-23 06:06:00,2.705,2.705,2.705,2.705,6.17
2020-10-23 06:07:00,2.705,2.705,2.705,2.705,0.0
2020-10-23 06:08:00,2.705,2.705,2.705,2.705,0.0
2020-10-23 06:09:00,2.705,2.705,2.705,2.705,0.0
2020-10-23 06:10:00,2.71,2.71,2.71,2.71,7.393
2020-10-23 06:11:00,2.717,2.717,2.717,2.717,16.563
2020-10-23 06:12:00,2.717,2.717,2.701,2.701,435.011
2020-10-23 06:13:00,2.718,2.718,2.718,2.718,36.792
2020-10-23 06:14:00,2.718,2.718,2.718,2.718,0.0
2020-10-23 06:15:00,2.718,2.718,2.718,2.718,0.0
2020-10-23 06:16:00,2.716,2.716,2.716,2.716,4.778
2020-10-23 06:17:00,2.716,2.716,2.716,2.716,0.0
2020-10-23 06:18:00,2.716,2.716,2.716,2.716,0.0
2020-10-23 06:19:00,2.716,2.716,2.716,2.716,0.0
2020-10-23 06:20:00,2.716,2.716,2.716,2.716,0.0
2020-10-23 06:21:00,2.716,2.716,2.716,2.716,0.0
2020-10-23 06:22:00,2.716,2.716,2.716,2.716,0.0
2020-10-23 06:23:00,2.71,2.71,2.701,2.701,85.408
2020-10-23 06:24:00,2.701,2.701,2.701,2.701,0.0
2020-10-23 06:25:00,2.719,2.719,2.718,2.718,2.545
2020-10-23 06:26:00,2.718,2.718,2.718,2.718,0.0
2020-10-23 06:27:00,2.718,2.718,2.718,2.718,0.0
2020-10-23 06:28:00,2.718,2.718,2.718,2.718,0.0
2020-10-23 06:29:00,2.718,2.718,2.718,2.718,0.0
2020-10-23 06:30:00,2.718,2.718,2.718,2.718,0.0
2020-10-23 06:31:00,2.718,2.718,2.718,2.718,0.0
2020-10-23 06:32:00,2.718,2.718,2.718,2.718,0.0
2020-10-23 06:33:00,2.718,2.718,2.718,2.718,0.0
2020-10-23 06:34:00,2.72,2.72,2.72,2.72,44.615
2020-10-23 06:35:00,2.715,2.715,2.701,2.701,99.9
2020-10-23 06:36:00,2.702,2.702,2.701,2.701,5.998
2020-10-23 06:37:00,2.701,2.701,2.7,2.7,45.457
2020-10-23 06:38:00,2.7,2.7,2.7,2.7,0.0
2020-10-23 06:39:00,2.717,2.72,2.717,2.72,10.0
2020-10-23 06:40:00,2.72,2.72,2.72,2.72,0.0
2020-10-23 06:41:00,2.72,2.72,2.72,2.72,0.0
2020-10-23 06:42:00,2.718,2.718,2.718,2.718,632.155
2020-10-23 06:43:00,2.718,2.718,2.718,2.718,0.0
2020-10-23 06:44:00,2.701,2.701,2.701,2.701,186.81
2020-10-23 06:45:00,2.718,2.721,2.718,2.721,25.297
2020-10-23 06:46:00,2.721,2.721,2.721,2.721,0.0
2020-10-23 06:47:00,2.721,2.721,2.721,2.721,0.0
2020-10-23 06:48:00,2.721,2.721,2.721,2.721,0.0
2020-10-23 06:49:00,2.721,2.721,2.721,2.721,0.0
2020-10-23 06:50:00,2.721,2.721,2.721,2.721,0.0
2020-10-23 06:51:00,2.721,2.721,2.721,2.721,255.399
2020-10-23 06:52:00,2.721,2.721,2.721,2.721,358.11
2020-10-23 06:53:00,2.721,2.721,2.721,2.721,0.0
2020-10-23 06:54:00,2.721,2.721,2.721,2.721,0.0
2020-10-23 06:55:00,2.721,2.721,2.721,2.721,10.595
2020-10-23 06:56:00,2.721,2.721,2.721,2.721,0.0
2020-10-23 06:57:00,2.721,2.721,2.721,2.721,0.0
2020-10-23 06:58:00,2.721,2.721,2.721,2.721,249.448
2020-10-23 06:59:00,2.721,2.721,2.721,2.721,102.76
2020-10-23 07:00:00,2.721,2.721,2.721,2.721,0.0
2020-10-23 07:01:00,2.727,2.727,2.727,2.727,180.092
2020-10-23 07:02:00,2.727,2.727,2.727,2.727,375.193
2020-10-23 07:03:00,2.727,2.727,2.727,2.727,0.0
2020-10-23 07:04:00,2.727,2.733,2.727,2.727,96.21
2020-10-23 07:05:00,2.727,2.727,2.727,2.727,0.0
2020-10-23 07:06:00,2.727,2.727,2.727,2.727,0.0
2020-10-23 07:07:00,2.727,2.727,2.727,2.727,0.0
2020-10-23 07:08:00,2.727,2.727,2.727,2.727,0.0
2020-10-23 07:09:00,2.721,2.721,2.721,2.721,63.853
2020-10-23 07:10:00,2.729,2.729,2.729,2.729,118.538
2020-10-23 07:11:00,2.729,2.729,2.729,2.729,0.0
2020-10-23 07:12:00,2.732,2.732,2.732,2.732,46.4
2020-10-23 07:13:00,2.732,2.732,2.732,2.732,0.0
2020-10-23 07:14:00,2.732,2.732,2.732,2.732,0.0
2020-10-23 07:15:00,2.732,2.732,2.732,2.732,0.0
2020-10-23 07:16:00,2.732,2.732,2.732,2.732,0.0
2020-10-23 07:17:00,2.732,2.732,2.732,2.732,0.0
2020-10-23 07:18:00,2.732,2.732,2.732,2.732,0.0
2020-10-23 07:19:00,2.732,2.732,2.732,2.732,0.0
2020-10-23 07:20:00,2.732,2.732,2.732,2.732,0.0
2020-10-23 07:21:00,2.733,2.733,2.733,2.733,1.229
2020-10-23 07:22:00,2.721,2.736,2.721,2.736,94.73
2020-10-23 07:23:00,2.721,2.721,2.721,2.721,266.26
2020-10-23 07:24:00,2.721,2.721,2.721,2.721,0.0
2020-10-23 07:25:00,2.721,2.721,2.721,2.721,0.0
2020-10-23 07:26:00,2.721,2.721,2.721,2.721,39.277
2020-10-23 07:27:00,2.721,2.721,2.721,2.721,0.0
2020-10-23 07:28:00,2.721,2.721,2.721,2.721,12.04
2020-10-23 07:29:00,2.732,2.74,2.716,2.716,318.299
2020-10-23 07:30:00,2.716,2.716,2.716,2.716,0.0
2020-10-23 07:31:00,2.716,2.716,2.716,2.716,0.0
2020-10-23 07:32:00,2.716,2.716,2.716,2.716,0.0
2020-10-23 07:33:00,2.716,2.716,2.716,2.716,0.0
2020-10-23 07:34:00,2.716,2.716,2.716,2.716,0.0
2020-10-23 07:35:00,2.716,2.716,2.716,2.716,0.0
2020-10-23 07:36:00,2.716,2.716,2.716,2.716,0.0
2020-10-23 07:37:00,2.716,2.716,2.716,2.716,0.0
2020-10-23 07:38:00,2.716,2.716,2.716,2.716,0.0
2020-10-23 07:39:00,2.716,2.716,2.716,2.716,0.0
2020-10-23 07:40:00,2.716,2.716,2.716,2.716,0.0
2020-10-23 07:41:00,2.717,2.717,2.716,2.716,174.796
2020-10-23 07:42:00,2.716,2.716,2.716,2.716,0.0
2020-10-23 07:43:00,2.716,2.716,2.716,2.716,0.0
2020-10-23 07:44:00,2.716,2.716,2.716,2.716,0.0
2020-10-23 07:45:00,2.716,2.716,2.716,2.716,0.0
2020-10-23 07:46:00,2.716,2.716,2.716,2.716,0.0
2020-10-23 07:47:00,2.717,2.717,2.717,2.717,83.43
2020-10-23 07:48:00,2.717,2.717,2.717,2.717,0.0
2020-10-23 07:49:00,2.717,2.717,2.717,2.717,0.0
2020-10-23 07:50:00,2.717,2.717,2.717,2.717,0.0
2020-10-23 07:51:00,2.716,2.716,2.711,2.711,72.294
2020-10-23 07:52:00,2.711,2.711,2.711,2.711,0.0
2020-10-23 07:53:00,2.711,2.711,2.711,2.711,0.0
2020-10-23 07:54:00,2.727,2.727,2.725,2.727,90.936
2020-10-23 07:55:00,2.727,2.727,2.727,2.727,0.0
2020-10-23 07:56:00,2.727,2.727,2.727,2.727,0.0
2020-10-23 07:57:00,2.727,2.727,2.727,2.727,2.653
2020-10-23 07:58:00,2.727,2.735,2.727,2.735,1.338
2020-10-23 07:59:00,2.735,2.735,2.735,2.735,0.0
2020-10-23 08:00:00,2.735,2.735,2.735,2.735,1.353
2020-10-23 08:01:00,2.735,2.735,2.734,2.734,2.26
2020-10-23 08:02:00,2.731,2.731,2.731,2.731,1.096
2020-10-23 08:03:00,2.73,2.735,2.73,2.735,61.248
2020-10-23 08:04:00,2.735,2.735,2.735,2.735,0.0
2020-10-23 08:05:00,2.732,2.732,2.732,2.732,1.293
2020-10-23 08:06:00,2.736,2.736,2.732,2.732,2.509
2020-10-23 08:07:00,2.73,2.73,2.73,2.73,3.856
2020-10-23 08:08:00,2.731,2.737,2.731,2.737,34.553
2020-10-23 08:09:00,2.737,2.737,2.737,2.737,1.262
2020-10-23 08:10:00,2.737,2.737,2.737,2.737,1.224
2020-10-23 08:11:00,2.737,2.737,2.737,2.737,17.379
2020-10-23 08:12:00,2.736,2.737,2.736,2.737,42.479
2020-10-23 08:13:00,2.737,2.737,2.737,2.737,82.113
2020-10-23 08:14:00,2.737,2.74,2.737,2.74,1.162
2020-10-23 08:15:00,2.724,2.724,2.724,2.724,203.994
2020-10-23 08:16:00,2.74,2.74,2.74,2.74,2.473
2020-10-23 08:17:00,2.74,2.74,2.74,2.74,1.069
2020-10-23 08:18:00,2.74,2.74,2.74,2.74,0.0
2020-10-23 08:19:00,2.74,2.749,2.74,2.749,49.228
2020-10-23 08:20:00,2.749,2.749,2.749,2.749,1.062
2020-10-23 08:21:00,2.749,2.75,2.749,2.75,30.676
2020-10-23 08:22:00,2.75,2.75,2.75,2.75,1.22
2020-10-23 08:23:00,2.75,2.75,2.75,2.75,1.279
2020-10-23 08:24:00,2.75,2.75,2.75,2.75,134.491
2020-10-23 08:25:00,2.75,2.75,2.75,2.75,18.562
2020-10-23 08:26:00,2.75,2.75,2.75,2.75,2.296
2020-10-23 08:27:00,2.749,2.749,2.749,2.749,2.278
2020-10-23 08:28:00,2.75,2.75,2.75,2.75,2.389
2020-10-23 08:29:00,2.75,2.75,2.75,2.75,2.453
2020-10-23 08:30:00,2.75,2.75,2.75,2.75,1.041
2020-10-23 08:31:00,2.75,2.75,2.75,2.75,2.339
2020-10-23 08:32:00,2.75,2.75,2.75,2.75,2.252
2020-10-23 08:33:00,2.75,2.75,2.749,2.749,91.046
2020-10-23 08:34:00,2.75,2.75,2.75,2.75,1.295
2020-10-23 08:35:00,2.749,2.749,2.749,2.749,2.42
2020-10-23 08:36:00,2.749,2.749,2.749,2.749,2.121
2020-10-23 08:37:00,2.749,2.75,2.749,2.75,2.225
2020-10-23 08:38:00,2.75,2.75,2.75,2.75,1.334
2020-10-23 08:39:00,2.75,2.75,2.75,2.75,2.422
2020-10-23 08:40:00,2.75,2.75,2.75,2.75,1.059
2020-10-23 08:41:00,2.748,2.748,2.748,2.748,2.499
2020-10-23 08:42:00,2.748,2.748,2.748,2.748,1.267
2020-10-23 08:43:00,2.724,2.748,2.724,2.748,91.212
2020-10-23 08:44:00,2.748,2.748,2.748,2.748,1.34
2020-10-23 08:45:00,2.748,2.748,2.748,2.748,2.21
2020-10-23 08:46:00,2.748,2.748,2.748,2.748,0.0
2020-10-23 08:47:00,2.748,2.748,2.748,2.748,1.113
2020-10-23 08:48:00,2.748,2.748,2.748,2.748,2.189
2020-10-23 08:49:00,2.748,2.748,2.748,2.748,1.107
2020-10-23 08:50:00,2.748,2.748,2.748,2.748,2.413
2020-10-23 08:51:00,2.748,2.748,2.727,2.727,8.228
2020-10-23 08:52:00,2.748,2.748,2.725,2.725,26.622
2020-10-23 08:53:00,2.748,2.748,2.748,2.748,1.008
2020-10-23 08:54:00,2.731,2.731,2.731,2.731,8.975
2020-10-23 08:55:00,2.731,2.731,2.731,2.731,0.0
2020-10-23 08:56:00,2.731,2.731,2.731,2.731,0.0
2020-10-23 08:57:00,2.731,2.731,2.731,2.731,0.0
2020-10-23 08:58:00,2.731,2.731,2.731,2.731,0.0
2020-10-23 08:59:00,2.748,2.748,2.748,2.748,105.254
2020-10-23 09:00:00,2.748,2.748,2.748,2.748,65.239
2020-10-23 09:01:00,2.749,2.749,2.749,2.749,43.653
2020-10-23 09:02:00,2.749,2.749,2.749,2.749,0.0
2020-10-23 09:03:00,2.749,2.749,2.749,2.749,0.0
2020-10-23 09:04:00,2.748,2.75,2.748,2.75,160.82
2020-10-23 09:05:00,2.75,2.75,2.748,2.748,93.241
2020-10-23 09:06:00,2.748,2.748,2.748,2.748,75.479
2020-10-23 09:07:00,2.748,2.748,2.748,2.748,0.0
2020-10-23 09:08:00,2.748,2.748,2.748,2.748,0.0
2020-10-23 09:09:00,2.748,2.748,2.748,2.748,0.0
2020-10-23 09:10:00,2.748,2.748,2.748,2.748,0.0
2020-10-23 09:11:00,2.748,2.748,2.748,2.748,0.0
2020-10-23 09:12:00,2.748,2.748,2.748,2.748,0.0
2020-10-23 09:13:00,2.748,2.748,2.748,2.748,0.0
2020-10-23 09:14:00,2.748,2.748,2.748,2.748,0.0
2020-10-23 09:15:00,2.748,2.748,2.748,2.748,0.0
2020-10-23 09:16:00,2.748,2.748,2.73,2.73,5.691
2020-10-23 09:17:00,2.75,2.75,2.75,2.75,1.023
2020-10-23 09:18:00,2.75,2.75,2.75,2.75,0.0
2020-10-23 09:19:00,2.75,2.75,2.75,2.75,0.0
2020-10-23 09:20:00,2.75,2.75,2.75,2.75,0.0
2020-10-23 09:21:00,2.75,2.75,2.75,2.75,0.0
2020-10-23 09:22:00,2.735,2.751,2.735,2.751,76.212
2020-10-23 09:23:00,2.751,2.751,2.751,2.751,0.0
2020-10-23 09:24:00,2.751,2.751,2.751,2.751,144.218
2020-10-23 09:25:00,2.751,2.756,2.751,2.756,141.901
2020-10-23 09:26:00,2.756,2.756,2.756,2.756,0.0
2020-10-23 09:27:00,2.756,2.756,2.756,2.756,0.0
2020-10-23 09:28:00,2.756,2.756,2.756,2.756,1.174
2020-10-23 09:29:00,2.756,2.756,2.756,2.756,0.0
2020-10-23 09:30:00,2.756,2.756,2.756,2.756,0.0
2020-10-23 09:31:00,2.756,2.756,2.756,2.756,0.0
2020-10-23 09:32:00,2.756,2.756,2.756,2.756,0.0
2020-10-23 09:33:00,2.756,2.756,2.756,2.756,0.0
2020-10-23 09:34:00,2.749,2.749,2.736,2.738,192.772
2020-10-23 09:35:00,2.756,2.756,2.756,2.756,1.047
2020-10-23 09:36:00,2.756,2.756,2.756,2.756,0.0
2020-10-23 09:37:00,2.756,2.756,2.756,2.756,0.0
2020-10-23 09:38:00,2.756,2.756,2.756,2.756,0.0
2020-10-23 09:39:00,2.756,2.756,2.756,2.756,9.071
2020-10-23 09:40:00,2.756,2.756,2.756,2.756,0.0
2020-10-23 09:41:00,2.756,2.756,2.756,2.756,0.0
2020-10-23 09:42:00,2.756,2.756,2.756,2.756,0.0
2020-10-23 09:43:00,2.756,2.756,2.756,2.756,0.0
2020-10-23 09:44:00,2.756,2.756,2.756,2.756,0.0
2020-10-23 09:45:00,2.756,2.756,2.756,2.756,0.0
2020-10-23 09:46:00,2.756,2.756,2.756,2.756,0.0
2020-10-23 09:47:00,2.756,2.756,2.756,2.756,0.0
2020-10-23 09:48:00,2.756,2.756,2.756,2.756,0.0
2020-10-23 09:49:00,2.756,2.756,2.756,2.756,0.0
2020-10-23 09:50:00,2.756,2.756,2.756,2.756,0.0
2020-10-23 09:51:00,2.756,2.756,2.756,2.756,0.0
2020-10-23 09:52:00,2.756,2.756,2.756,2.756,0.0
2020-10-23 09:53:00,2.756,2.756,2.756,2.756,0.0
2020-10-23 09:54:00,2.736,2.736,2.735,2.735,17.636
2020-10-23 09:55:00,2.735,2.735,2.735,2.735,22.276
2020-10-23 09:56:00,2.735,2.735,2.735,2.735,0.0
2020-10-23 09:57:00,2.735,2.735,2.735,2.735,0.0
2020-10-23 09:58:00,2.735,2.735,2.735,2.735,0.0
2020-10-23 09:59:00,2.735,2.735,2.735,2.735,0.0
2020-10-23 10:00:00,2.735,2.735,2.735,2.735,0.0
2020-10-23 10:01:00,2.735,2.735,2.735,2.735,0.0
2020-10-23 10:02:00,2.735,2.735,2.735,2.735,0.0
2020-10-23 10:03:00,2.74,2.74,2.74,2.74,26.944
2020-10-23 10:04:00,2.74,2.74,2.74,2.74,190.814
2020-10-23 10:05:00,2.742,2.742,2.742,2.742,3.663
2020-10-23 10:06:00,2.755,2.755,2.755,2.755,1.107
2020-10-23 10:07:00,2.755,2.755,2.755,2.755,0.0
2020-10-23 10:08:00,2.755,2.755,2.755,2.755,0.0
2020-10-23 10:09:00,2.755,2.755,2.755,2.755,0.0
2020-10-23 10:10:00,2.74,2.74,2.735,2.735,44.862
2020-10-23 10:11:00,2.735,2.735,2.735,2.735,0.0
2020-10-23 10:12:00,2.735,2.735,2.735,2.735,0.0
2020-10-23 10:13:00,2.735,2.735,2.735,2.735,0.0
2020-10-23 10:14:00,2.755,2.756,2.755,2.756,7.312
2020-10-23 10:15:00,2.756,2.756,2.753,2.753,52.938
2020-10-23 10:16:00,2.753,2.753,2.753,2.753,0.0
2020-10-23 10:17:00,2.753,2.753,2.753,2.753,0.0
2020-10-23 10:18:00,2.753,2.753,2.753,2.753,18.335
2020-10-23 10:19:00,2.753,2.753,2.753,2.753,0.0
2020-10-23 10:20:00,2.753,2.753,2.75,2.75,44.061
2020-10-23 10:21:00,2.75,2.75,2.735,2.736,37.155
2020-10-23 10:22:00,2.736,2.736,2.736,2.736,0.0
2020-10-23 10:23:00,2.736,2.736,2.736,2.736,0.0
2020-10-23 10:24:00,2.736,2.736,2.736,2.736,0.0
2020-10-23 10:25:00,2.736,2.736,2.736,2.736,0.0
2020-10-23 10:26:00,2.753,2.76,2.753,2.76,184.541
2020-10-23 10:27:00,2.753,2.76,2.753,2.76,349.376
2020-10-23 10:28:00,2.76,2.76,2.76,2.76,0.008
2020-10-23 10:29:00,2.76,2.76,2.76,2.76,0.0
2020-10-23 10:30:00,2.76,2.76,2.76,2.76,0.0
2020-10-23 10:31:00,2.76,2.76,2.76,2.76,0.0
2020-10-23 10:32:00,2.76,2.76,2.76,2.76,0.0
2020-10-23 10:33:00,2.736,2.736,2.732,2.732,276.599
2020-10-23 10:34:00,2.732,2.732,2.732,2.732,0.0
2020-10-23 10:35:00,2.732,2.732,2.732,2.732,0.0
2020-10-23 10:36:00,2.732,2.732,2.732,2.732,0.0
2020-10-23 10:37:00,2.751,2.751,2.751,2.751,1.216
2020-10-23 10:38:00,2.751,2.751,2.751,2.751,0.0
2020-10-23 10:39:00,2.751,2.751,2.751,2.751,0.0
2020-10-23 10:40:00,2.744,2.762,2.744,2.762,168.0
2020-10-23 10:41:00,2.762,2.762,2.762,2.762,0.0
2020-10-23 10:42:00,2.762,2.762,2.762,2.762,0.0
2020-10-23 10:43:00,2.762,2.762,2.762,2.762,0.0
2020-10-23 10:44:00,2.762,2.762,2.762,2.762,0.0
2020-10-23 10:45:00,2.741,2.741,2.74,2.74,5.71
2020-10-23 10:46:00,2.76,2.76,2.76,2.76,1.26
2020-10-23 10:47:00,2.76,2.76,2.76,2.76,0.0
2020-10-23 10:48:00,2.76,2.76,2.76,2.76,0.0
2020-10-23 10:49:00,2.76,2.76,2.76,2.76,0.0
2020-10-23 10:50:00,2.76,2.76,2.76,2.76,0.0
2020-10-23 10:51:00,2.76,2.76,2.76,2.76,0.0
2020-10-23 10:52:00,2.762,2.768,2.762,2.768,15.857
2020-10-23 10:53:00,2.749,2.762,2.749,2.762,40.677
2020-10-23 10:54:00,2.762,2.768,2.762,2.763,37.845
2020-10-23 10:55:00,2.762,2.767,2.762,2.767,27.329
2020-10-23 10:56:00,2.767,2.767,2.767,2.767,0.0
2020-10-23 10:57:00,2.767,2.767,2.767,2.767,0.0
2020-10-23 10:58:00,2.762,2.762,2.762,2.762,5.106
2020-10-23 10:59:00,2.762,2.762,2.762,2.762,0.0
2020-10-23 11:00:00,2.762,2.762,2.762,2.762,0.0
2020-10-23 11:01:00,2.762,2.762,2.762,2.762,179.558
2020-10-23 11:02:00,2.762,2.762,2.762,2.762,0.0
2020-10-23 11:03:00,2.762,2.762,2.762,2.762,0.0
2020-10-23 11:04:00,2.762,2.762,2.762,2.762,0.0
2020-10-23 11:05:00,2.762,2.762,2.762,2.762,0.0
2020-10-23 11:06:00,2.757,2.757,2.757,2.757,224.071
2020-10-23 11:07:00,2.757,2.757,2.757,2.757,0.0
2020-10-23 11:08:00,2.757,2.757,2.757,2.757,0.0
2020-10-23 11:09:00,2.757,2.757,2.757,2.757,0.0
2020-10-23 11:10:00,2.757,2.757,2.757,2.757,0.0
2020-10-23 11:11:00,2.76,2.76,2.758,2.759,104.74
2020-10-23 11:12:00,2.75,2.75,2.742,2.742,163.754
2020-10-23 11:13:00,2.742,2.742,2.742,2.742,0.0
2020-10-23 11:14:00,2.742,2.742,2.742,2.742,0.0
2020-10-23 11:15:00,2.742,2.742,2.742,2.742,0.0
2020-10-23 11:16:00,2.742,2.742,2.742,2.742,0.0
2020-10-23 11:17:00,2.742,2.742,2.742,2.742,0.0
2020-10-23 11:18:00,2.742,2.742,2.742,2.742,0.0
2020-10-23 11:19:00,2.742,2.742,2.742,2.742,0.0
2020-10-23 11:20:00,2.742,2.742,2.742,2.742,0.0
2020-10-23 11:21:00,2.742,2.742,2.742,2.742,0.0
2020-10-23 11:22:00,2.742,2.742,2.742,2.742,0.0
2020-10-23 11:23:00,2.742,2.742,2.742,2.742,0.0
2020-10-23 11:24:00,2.742,2.742,2.742,2.742,0.0
2020-10-23 11:25:00,2.755,2.755,2.755,2.755,7.462
2020-10-23 11:26:00,2.755,2.755,2.755,2.755,0.0
2020-10-23 11:27:00,2.755,2.755,2.755,2.755,0.0
2020-10-23 11:28:00,2.755,2.755,2.755,2.755,0.0
2020-10-23 11:29:00,2.755,2.755,2.755,2.755,0.0
2020-10-23 11:30:00,2.752,2.752,2.752,2.752,1.147
2020-10-23 11:31:00,2.752,2.752,2.752,2.752,0.0
2020-10-23 11:32:00,2.752,2.752,2.752,2.752,0.0
2020-10-23 11:33:00,2.743,2.743,2.743,2.743,8.99
2020-10-23 11:34:00,2.743,2.743,2.743,2.743,0.0
2020-10-23 11:35:00,2.747,2.747,2.747,2.747,11.905
2020-10-23 11:36:00,2.747,2.747,2.747,2.747,0.0
2020-10-23 11:37:00,2.747,2.747,2.747,2.747,0.0
2020-10-23 11:38:00,2.747,2.747,2.747,2.747,0.0
2020-10-23 11:39:00,2.747,2.747,2.747,2.747,0.0
2020-10-23 11:40:00,2.747,2.747,2.747,2.747,0.0
2020-10-23 11:41:00,2.747,2.747,2.747,2.747,0.0
2020-10-23 11:42:00,2.747,2.747,2.747,2.747,0.0
2020-10-23 11:43:00,2.747,2.747,2.747,2.747,0.0
2020-10-23 11:44:00,2.747,2.747,2.747,2.747,0.0
2020-10-23 11:45:00,2.747,2.747,2.747,2.747,0.0
2020-10-23 11:46:00,2.747,2.747,2.747,2.747,0.0
2020-10-23 11:47:00,2.747,2.747,2.747,2.747,0.0
2020-10-23 11:48:00,2.747,2.747,2.747,2.747,0.0
2020-10-23 11:49:00,2.747,2.747,2.747,2.747,0.0
2020-10-23 11:50:00,2.747,2.747,2.747,2.747,0.0
2020-10-23 11:51:00,2.747,2.747,2.747,2.747,0.0
2020-10-23 11:52:00,2.747,2.747,2.747,2.747,0.0
2020-10-23 11:53:00,2.747,2.747,2.747,2.747,0.0
2020-10-23 11:54:00,2.747,2.747,2.747,2.747,0.0
2020-10-23 11:55:00,2.747,2.747,2.747,2.747,0.0
2020-10-23 11:56:00,2.747,2.747,2.747,2.747,0.0
2020-10-23 11:57:00,2.747,2.747,2.747,2.747,0.0
2020-10-23 11:58:00,2.747,2.747,2.747,2.747,0.0
2020-10-23 11:59:00,2.744,2.744,2.744,2.744,4.0
